,Arándanos,,,,,,,,3390 ,500,Gramos,www.lavegadelivery.cl
,Durazno Conservero,,,,,,,,1990 ,1000,Gramos,www.lavegadelivery.cl
,Durazno Nectarín,,,,,,,,1990 ,1000,Gramos,www.lavegadelivery.cl
,Frambuesas,,,,,,,,3590 ,500,Gramos,www.lavegadelivery.cl
,Frutilla,,,,,,,,2990 ,1000,Gramos,www.lavegadelivery.cl
,Limón,,,,,,,,2190 ,1000,Gramos,www.lavegadelivery.cl
,Limón De Pica,,,,,,,,2990 ,1000,Gramos,www.lavegadelivery.cl
,Limón Sutíl,,,,,,,,2590 ,1000,Gramos,www.lavegadelivery.cl
,Malla Naranja De Jugo,,,,,,,,14990 ,15000,Gramos,www.lavegadelivery.cl
,Mango,,,,,,,,2990 ,1000,Gramos,www.lavegadelivery.cl
,Manzana Royal Gala,,,,,,,,1190 ,1000,Gramos,www.lavegadelivery.cl
,Manzana Verde,,,,,,,,1490 ,1000,Gramos,www.lavegadelivery.cl
,Melón Calameño,,,,,,,,1190 ,1,Unidades,www.lavegadelivery.cl
,Melón Tuna,,,,,,,,1190 ,1,Unidades,www.lavegadelivery.cl
,Membrillo,,,,,,,,1890 ,1000,Gramos,www.lavegadelivery.cl
,Naranja,,,,,,,,1190 ,1000,Gramos,www.lavegadelivery.cl
,Pera Packham'S,,,,,,,,1490 ,1000,Gramos,www.lavegadelivery.cl
,Piña,,,,,,,,1990 ,1,Unidades,www.lavegadelivery.cl
,Plátano,,,,,,,,880 ,1000,Gramos,www.lavegadelivery.cl
,Plátano Peruano Amarillo,,,,,,,,2490 ,1000,Gramos,www.lavegadelivery.cl
,Plátano Peruano Verde,,,,,,,,2490 ,1000,Gramos,www.lavegadelivery.cl
,Pomelo,,,,,,,,1290 ,1000,Gramos,www.lavegadelivery.cl
,Sandía De Paine,,,,,,,,4790 ,1,Unidades,www.lavegadelivery.cl
,Uva Blanca Sin Pepa,,,,,,,,1990 ,500,Gramos,www.lavegadelivery.cl
,Acelga,,,,,,,,1790 ,1,Unidades,www.lavegadelivery.cl
,Achicoria,,,,,,,,1290 ,1,Unidades,www.lavegadelivery.cl
,Ají Peruano,,,,,,,,1990 ,250,Gramos,www.lavegadelivery.cl
,Ají Verde,,,,,,,,790 ,250,Gramos,www.lavegadelivery.cl
,Ajo,,,,,,,,320 ,1,Unidades,www.lavegadelivery.cl
,Ajo Pelado,,,,,,,,1690 ,250,Gramos,www.lavegadelivery.cl
,Albahaca,,,,,,,,1300 ,1,Unidades,www.lavegadelivery.cl
,Apio,,,,,,,,1390 ,1,Unidades,www.lavegadelivery.cl
,Berenjenas,,,,,,,,690 ,1,Unidades,www.lavegadelivery.cl
,Berros,,,,,,,,1890 ,250,Gramos,www.lavegadelivery.cl
,Betarraga,,,,,,,,1190 ,5,Unidades,www.lavegadelivery.cl
,Brócoli,,,,,,,,1390 ,1,Unidades,www.lavegadelivery.cl
,Caigua,,,,,,,,3090 ,1000,Gramos,www.lavegadelivery.cl
,Camote Morado,,,,,,,,1490 ,1000,Gramos,www.lavegadelivery.cl
,Camote Naranjo,,,,,,,,1990 ,1000,Gramos,www.lavegadelivery.cl
,Cebolla,,,,,,,,990 ,3,Unidades,www.lavegadelivery.cl
,Cebolla Morada,,,,,,,,1990 ,1000,Gramos,www.lavegadelivery.cl
,Cebollín,,,,,,,,760 ,3,Unidades,www.lavegadelivery.cl
,Champiñón,,,,,,,,1390 ,200,Gramos,www.lavegadelivery.cl
,Champiñón Ostra,,,,,,,,1590 ,200,Gramos,www.lavegadelivery.cl
,Choclo Americano,,,,,,,,490 ,1,Unidades,www.lavegadelivery.cl
,Ciboulette,,,,,,,,490 ,1000,Gramos,www.lavegadelivery.cl
,Cilantro,,,,,,,,690 ,1000,Gramos,www.lavegadelivery.cl
,Coliflor,,,,,,,,1190 ,1,Unidades,www.lavegadelivery.cl
,Dientes De Dragón,,,,,,,,650 ,250,Gramos,www.lavegadelivery.cl
,Endivia,,,,,,,,3590 ,500,Gramos,www.lavegadelivery.cl
,Espinacas (500 Gr.),,,,,,,,1490 ,1,Unidades,www.lavegadelivery.cl
,Jengibre,,,,,,,,890 ,100,Gramos,www.lavegadelivery.cl
,Lechuga Costina,,,,,,,,890 ,1,Unidades,www.lavegadelivery.cl
,Lechuga Escarola,,,,,,,,890 ,1,Unidades,www.lavegadelivery.cl
,Lechuga Marina,,,,,,,,890 ,1,Unidades,www.lavegadelivery.cl
,Menta,,,,,,,,1490 ,250,Gramos,www.lavegadelivery.cl
,Nabo,,,,,,,,990 ,1,Unidades,www.lavegadelivery.cl
,Palta Hass,,,,,,,,3290 ,1000,Gramos,www.lavegadelivery.cl
,Papa Olluco,,,,,,,,2990 ,1000,Gramos,www.lavegadelivery.cl
,Papas,,,,,,,,890 ,1000,Gramos,www.lavegadelivery.cl
,Papas Semillón,,,,,,,,990 ,1000,Gramos,www.lavegadelivery.cl
,Pepino Ensalada,,,,,,,,540 ,1,Unidades,www.lavegadelivery.cl
,Perejíl (Paquete),,,,,,,,650 ,1000,Gramos,www.lavegadelivery.cl
,Pimentón Amarillo,,,,,,,,900 ,1,Unidades,www.lavegadelivery.cl
,Pimiento Rojo,,,,,,,,690 ,1,Unidades,www.lavegadelivery.cl
,Pimiento Verde,,,,,,,,690 ,1,Unidades,www.lavegadelivery.cl
,Porotos Granados,,,,,,,,2590 ,1000,Gramos,www.lavegadelivery.cl
,Porotos Verdes,,,,,,,,3890 ,1000,Gramos,www.lavegadelivery.cl
,Porotos Verdes Cortados,,,,,,,,2690 ,500,Gramos,www.lavegadelivery.cl
,Rabanitos,,,,,,,,1190 ,1,Paquete,www.lavegadelivery.cl
,Repollo Crespo,,,,,,,,1490 ,1,Unidades,www.lavegadelivery.cl
,Repollo Morado,,,,,,,,1690 ,1,Unidades,www.lavegadelivery.cl
,Rocoto,,,,,,,,1790 ,250,Gramos,www.lavegadelivery.cl
,Rúcula,,,,,,,,1190 ,250,Gramos,www.lavegadelivery.cl
,Tomate,,,,,,,,1190 ,1000,Gramos,www.lavegadelivery.cl
,Tomate Cherry,,,,,,,,2190 ,500,Gramos,www.lavegadelivery.cl
,Tomate Pera,,,,,,,,2290 ,1000,Gramos,www.lavegadelivery.cl
,Yuca,,,,,,,,2490 ,1,Unidades,www.lavegadelivery.cl
,Zanahoria,,,,,,,,790 ,1000,Gramos,www.lavegadelivery.cl
,Zapallo,,,,,,,,990 ,1,Trozo,www.lavegadelivery.cl
,Zapallo Italiano,,,,,,,,390 ,1,Unidades,www.lavegadelivery.cl
,Zapallo Italiano Redondo,,,,,,,,500 ,1,Unidades,www.lavegadelivery.cl
